username,name,url_main,url_user,exists,http_status
zé nogueira,BongaCams,https://sbongacams.com,https://bongacams.com/profile/z%C3%A9%20nogueira,Unknown,403
zé nogueira,YouTube,https://www.youtube.com/,https://www.youtube.com/@z%C3%A9%20nogueira,Available,404
zé nogueira,YouTube User,https://www.youtube.com/,https://www.youtube.com/@z%C3%A9%20nogueira,Available,404
zé nogueira,Twitch,https://www.twitch.tv/,https://twitchtracker.com/z%C3%A9%20nogueira,Available,404
zé nogueira,GooglePlayStore,https://play.google.com/store,https://play.google.com/store/apps/developer?id=z%C3%A9%20nogueira,Available,404
zé nogueira,ResearchGate,https://www.researchgate.net/,,Illegal,
zé nogueira,Pornhub,https://pornhub.com/,https://pornhub.com/users/z%C3%A9%20nogueira,Unknown,403
zé nogueira,Livejasmin,https://www.livejasmin.com/,https://www.livejasmin.com/en/girls/#!chat/z%C3%A9%20nogueira,Unknown,403
zé nogueira,ChaturBate,https://chaturbate.com,https://chaturbate.com/z%C3%A9%20nogueira,Unknown,403
zé nogueira,DailyMotion,https://www.dailymotion.com,https://www.dailymotion.com/z%C3%A9%20nogueira,Available,404
zé nogueira,GitHubGist,https://gist.github.com,https://gist.github.com/z%C3%A9%20nogueira,Available,404
zé nogueira,Etsy,https://www.etsy.com/,https://www.etsy.com/shop/z%C3%A9%20nogueira,Unknown,403
zé nogueira,VK,https://vk.com/,,Illegal,
zé nogueira,Figma,https://www.figma.com/,https://www.figma.com/@z%C3%A9%20nogueira,Unknown,403
zé nogueira,GitHub,https://www.github.com/,,Illegal,
zé nogueira,xHamster,https://xhamster.com,https://xhamster.com/users/z%C3%A9%20nogueira,Unknown,403
zé nogueira,Slack,https://slack.com,,Illegal,
zé nogueira,linktr.ee,https://linktr.ee,https://linktr.ee/z%C3%A9%20nogueira,Available,404
zé nogueira,Wix,https://wix.com/,https://z%C3%A9%20nogueira.wix.com,Available,400
zé nogueira,Xvideos,https://xvideos.com/,https://xvideos.com/profiles/z%C3%A9%20nogueira,Unknown,403
zé nogueira,SoundCloud,https://soundcloud.com/,https://soundcloud.com/z%C3%A9%20nogueira,Available,404
zé nogueira,StackOverflow,https://stackoverflow.com,https://stackoverflow.com/users/filter?search=z%C3%A9%20nogueira,Available,200
zé nogueira,Freepik,https://www.freepik.com,https://www.freepik.com/z%C3%A9%20nogueira,Unknown,403
zé nogueira,1337x,https://1337x.to,https://1337x.to/user/z%C3%A9%20nogueira/,Unknown,403
zé nogueira,9GAG,https://www.9gag.com/,https://www.9gag.com/u/z%C3%A9%20nogueira,Unknown,403
zé nogueira,Ameblo,https://ameblo.jp,https://ameblo.jp/z%C3%A9%20nogueira,Available,404
zé nogueira,FandomCommunityCentral,https://community.fandom.com,https://community.fandom.com/wiki/User:z%C3%A9%20nogueira,Available,404
zé nogueira,DeviantART,https://deviantart.com,,Illegal,
zé nogueira,Rutracker,https://rutracker.org/,https://rutracker.org/forum/profile.php?mode=viewprofile&u=z%C3%A9%20nogueira,Unknown,403
zé nogueira,Armchairgm,https://armchairgm.fandom.com/,https://armchairgm.fandom.com/wiki/User:z%C3%A9%20nogueira,Available,404
zé nogueira,SourceForge,https://sourceforge.net/,https://sourceforge.net/u/z%C3%A9%20nogueira/profile,Unknown,403
zé nogueira,Trello,https://trello.com/,https://trello.com/z%C3%A9%20nogueira,Available,404
zé nogueira,YouPorn,https://youporn.com,https://youporn.com/uservids/z%C3%A9%20nogueira,Unknown,403
zé nogueira,Fiverr,https://www.fiverr.com/,https://www.fiverr.com/z%C3%A9%20nogueira,Unknown,403
zé nogueira,Kickstarter,https://www.kickstarter.com,https://www.kickstarter.com/profile/z%C3%A9%20nogueira,Unknown,403
zé nogueira,Vimeo,https://vimeo.com,https://vimeo.com/z%C3%A9%20nogueira,Available,404
zé nogueira,Quora,https://www.quora.com/,https://www.quora.com/profile/z%C3%A9%20nogueira,Available,301
zé nogueira,My.Mail.ru@mail.ru,https://my.mail.ru/,https://my.mail.ru/mail/z%C3%A9%20nogueira/,Claimed,200
zé nogueira,My.Mail.ru@ya.ru,https://my.mail.ru/,https://my.mail.ru/ya.ru/z%C3%A9%20nogueira/,Claimed,200
zé nogueira,Academia.edu,https://www.academia.edu/,https://independent.academia.edu/z%C3%A9%20nogueira,Available,404
zé nogueira,Telegram,https://t.me/,,Illegal,
zé nogueira,Blogger,https://www.blogger.com/,,Illegal,
zé nogueira,TheVerge,https://www.theverge.com,https://www.theverge.com/users/z%C3%A9%20nogueira,Available,410
zé nogueira,Mozilla Support,https://support.mozilla.org,https://support.mozilla.org/en-US/user/z%C3%A9%20nogueira/,Available,404
zé nogueira,Unsplash,https://unsplash.com/,https://unsplash.com/@z%C3%A9%20nogueira,Available,404
zé nogueira,BuzzFeed,https://buzzfeed.com/,https://buzzfeed.com/z%C3%A9%20nogueira,Available,404
zé nogueira,Freelancer.com,https://www.freelancer.com/,https://www.freelancer.com/api/users/0.1/users?usernames%5B%5D=z%C3%A9%20nogueira&compact=true,Available,200
zé nogueira,YandexMusic,https://music.yandex.ru/,https://music.yandex.ru/users/z%C3%A9%20nogueira/playlists,Available,404
zé nogueira,Flickr,https://www.flickr.com/,https://www.flickr.com/photos/z%C3%A9%20nogueira,Available,404
zé nogueira,Ultimate-Guitar,https://ultimate-guitar.com/,https://ultimate-guitar.com/u/z%C3%A9%20nogueira,Available,410
zé nogueira,Weebly,http://weebly.com,,Illegal,
zé nogueira,Issuu,https://issuu.com/,https://issuu.com/z%C3%A9%20nogueira,Available,404
zé nogueira,TikTok,https://www.tiktok.com/,https://www.tiktok.com/@z%C3%A9%20nogueira,Available,200
zé nogueira,Steam,https://steamcommunity.com/,https://steamcommunity.com/id/z%C3%A9%20nogueira,Available,200
zé nogueira,Scratch,https://scratch.mit.edu/,https://scratch.mit.edu/users/z%C3%A9%20nogueira,Available,404
zé nogueira,Steam (Group),https://steamcommunity.com/,https://steamcommunity.com/groups/z%C3%A9%20nogueira,Available,200
zé nogueira,Tinder,https://tinder.com/,https://www.tinder.com/@z%C3%A9%20nogueira,Unknown,403
zé nogueira,Disqus,https://disqus.com/,https://disqus.com/z%C3%A9%20nogueira,Available,400
zé nogueira,LiveJournal,https://www.livejournal.com/,,Illegal,
zé nogueira,Chess,https://www.chess.com,https://www.chess.com/member/z%C3%A9%20nogueira,Available,404
zé nogueira,Tom's guide,http://forums.tomsguide.com,http://forums.tomsguide.com/members/?username=z%C3%A9%20nogueira,Available,200
zé nogueira,giphy.com,https://giphy.com,https://giphy.com/channel/z%C3%A9%20nogueira,Available,404
zé nogueira,CloudflareCommunity,https://community.cloudflare.com/,https://community.cloudflare.com/u/z%C3%A9%20nogueira/summary,Unknown,403
zé nogueira,Wattpad,https://www.wattpad.com/,https://www.wattpad.com/user/z%C3%A9%20nogueira,Available,404
zé nogueira,Aparat,https://www.aparat.com,https://www.aparat.com/z%C3%A9%20nogueira,Available,404
zé nogueira,Reddit,https://www.reddit.com/,https://www.reddit.com/user/z%C3%A9%20nogueira,Available,200
zé nogueira,Shutterstock,https://www.shutterstock.com,https://www.shutterstock.com/g/z%C3%A9%20nogueira/about,Available,404
zé nogueira,Redtube,https://ru.redtube.com/,https://ru.redtube.com/users/z%C3%A9%20nogueira,Unknown,403
zé nogueira,MyAnimeList,https://myanimelist.net/,https://myanimelist.net/profile/z%C3%A9%20nogueira,Unknown,403
zé nogueira,SlideShare,https://www.slideshare.net,https://www.slideshare.net/z%C3%A9%20nogueira,Available,404
zé nogueira,iStock,https://www.istockphoto.com,https://www.istockphoto.com/ru/portfolio/z%C3%A9%20nogueira,Available,200
zé nogueira,Udemy,https://www.udemy.com,https://www.udemy.com/user/z%C3%A9%20nogueira/,Available,404
zé nogueira,PeopleIgn,https://people.ign.com/,https://people.ign.com/z%C3%A9%20nogueira,Available,404
zé nogueira,Imgur,https://imgur.com,https://imgur.com/user/z%C3%A9%20nogueira,Available,400
zé nogueira,Behance,https://www.behance.net/,https://www.behance.net/z%C3%A9%20nogueira,Available,404
zé nogueira,Naver,https://naver.com,https://blog.naver.com/z%C3%A9%20nogueira,Available,404
zé nogueira,Genius,https://genius.com/,https://genius.com/z%C3%A9%20nogueira,Available,404
zé nogueira,TradingView,https://www.tradingview.com/,https://www.tradingview.com/u/z%C3%A9%20nogueira,Available,404
zé nogueira,Championat,https://www.championat.com/,https://www.championat.com/user/z%C3%A9%20nogueira,Available,404
zé nogueira,Dreamstime,https://www.dreamstime.com,https://www.dreamstime.com/z%C3%A9%20nogueira_info,Unknown,403
zé nogueira,discourse.mozilla.org,https://discourse.mozilla.org,https://discourse.mozilla.org/u/z%C3%A9%20nogueira/summary,Available,404
zé nogueira,Patreon,https://www.patreon.com/,https://www.patreon.com/z%C3%A9%20nogueira,Available,404
zé nogueira,Roblox,https://www.roblox.com/,https://www.roblox.com/user.aspx?username=z%C3%A9%20nogueira,Available,404
zé nogueira,Toster,https://qna.habr.com/,https://qna.habr.com/user/z%C3%A9%20nogueira,Available,404
zé nogueira,Ebay,https://www.ebay.com/,https://www.ebay.com/usr/z%C3%A9%20nogueira,Unknown,200
zé nogueira,Pinterest,https://www.pinterest.com/,https://www.pinterest.com/z%C3%A9%20nogueira/,Available,200
zé nogueira,Amazon,https://amazon.com,https://amazon.com/author/z%C3%A9%20nogueira,Available,404
zé nogueira,GoodReads,https://www.goodreads.com/,https://www.goodreads.com/z%C3%A9%20nogueira,Available,404
zé nogueira,Eksisozluk,https://eksisozluk.com,https://eksisozluk.com/biri/z%C3%A9%20nogueira,Available,404
zé nogueira,www.change.org,https://www.change.org,https://www.change.org/o/z%C3%A9%20nogueira,Unknown,403
zé nogueira,OP.GG [LeagueOfLegends] Taiwan,https://www.op.gg/,https://www.op.gg/summoners/search?q=z%C3%A9%20nogueira&region=tw,Available,200
zé nogueira,Nairaland Forum,https://www.nairaland.com/,https://www.nairaland.com/z%C3%A9%20nogueira,Available,404
zé nogueira,mercadolivre,https://www.mercadolivre.com.br,https://www.mercadolivre.com.br/perfil/z%C3%A9%20nogueira,Available,404
zé nogueira,adblockplus.org,https://adblockplus.org,https://adblockplus.org/forum/search.php?keywords=&terms=all&author=z%C3%A9%20nogueira,Available,200
zé nogueira,Scribd,https://www.scribd.com/,https://www.scribd.com/z%C3%A9%20nogueira,Available,404
zé nogueira,forum.wordreference.com,https://forum.wordreference.com,https://forum.wordreference.com/members/?username=z%C3%A9%20nogueira,Available,200
zé nogueira,Pikabu,https://pikabu.ru/,https://pikabu.ru/@z%C3%A9%20nogueira,Available,404
zé nogueira,calendly.com,https://calendly.com,https://calendly.com/z%C3%A9%20nogueira/15min,Available,404
zé nogueira,Fandom,https://www.fandom.com/,https://www.fandom.com/u/z%C3%A9%20nogueira,Available,404
zé nogueira,forums.opera.com,https://forums.opera.com/,https://forums.opera.com/user/z%C3%A9%20nogueira,Available,404
zé nogueira,community.adobe.com,https://community.adobe.com,https://community.adobe.com/t5/forums/searchpage/tab/user?q=z%C3%A9%20nogueira,Claimed,200
zé nogueira,Gofundme,https://www.gofundme.com,https://www.gofundme.com/f/z%C3%A9%20nogueira,Available,404
zé nogueira,TripAdvisor,https://tripadvisor.com/,https://tripadvisor.com/members/z%C3%A9%20nogueira,Available,404
zé nogueira,OP.GG [LeagueOfLegends] LAN,https://www.op.gg/,https://www.op.gg/summoners/search?q=z%C3%A9%20nogueira&region=lan,Available,200
zé nogueira,BleachFandom,https://bleach.fandom.com/ru,https://bleach.fandom.com/ru/wiki/%D0%A3%D1%87%D0%B0%D1%81%D1%82%D0%BD%D0%B8%D0%BA:z%C3%A9%20nogueira,Available,404
zé nogueira,Studfile,https://studfile.net,https://studfile.net/users/z%C3%A9%20nogueira/,Claimed,200
zé nogueira,MyFitnessPal,https://www.myfitnesspal.com/,https://www.myfitnesspal.com/profile/z%C3%A9%20nogueira,Unknown,403
zé nogueira,Rottentomatoes,https://www.rottentomatoes.com,https://www.rottentomatoes.com/critic/z%C3%A9%20nogueira/movies,Available,404
zé nogueira,OP.GG [LeagueOfLegends] Turkey,https://www.op.gg/,https://www.op.gg/summoners/search?q=z%C3%A9%20nogueira&region=tr,Available,200
zé nogueira,drive2,https://www.drive2.ru/,https://www.drive2.ru/users/z%C3%A9%20nogueira,Available,404
zé nogueira,community.brave.com,https://community.brave.com,https://community.brave.com/u/z%C3%A9%20nogueira/summary,Available,404
zé nogueira,community.simplilearn.com,https://community.simplilearn.com,https://community.simplilearn.com/members/?username=z%C3%A9%20nogueira,Available,404
zé nogueira,Battleraprus,https://battleraprus.fandom.com/ru,https://battleraprus.fandom.com/ru/wiki/%D0%A3%D1%87%D0%B0%D1%81%D1%82%D0%BD%D0%B8%D0%BA:z%C3%A9%20nogueira,Available,404
zé nogueira,cyber.harvard.edu,https://cyber.harvard.edu,https://cyber.harvard.edu/people/z%C3%A9%20nogueira,Available,404
zé nogueira,Codepen,https://codepen.io/,https://codepen.io/z%C3%A9%20nogueira,Unknown,403
zé nogueira,CNET,https://www.cnet.com,https://www.cnet.com/profiles/z%C3%A9%20nogueira/,Unknown,500
zé nogueira,Artstation,https://www.artstation.com,https://www.artstation.com/z%C3%A9%20nogueira,Claimed,200
zé nogueira,Envato,https://forums.envato.com,https://forums.envato.com/u/z%C3%A9%20nogueira/summary,Available,404
zé nogueira,Myspace,https://myspace.com/,https://myspace.com/z%C3%A9%20nogueira,Available,404
zé nogueira,WordPressOrg,https://wordpress.org/,https://profiles.wordpress.org/z%C3%A9%20nogueira/,Available,404
zé nogueira,Wikipedia,https://www.wikipedia.org/,https://www.wikipedia.org/wiki/User:z%C3%A9%20nogueira,Available,404
zé nogueira,HabrCareer,https://career.habr.com/,https://career.habr.com/z%C3%A9%20nogueira,Available,404
zé nogueira,Rajce.net,https://www.rajce.idnes.cz/,https://z%C3%A9%20nogueira.rajce.idnes.cz/,Unknown,403
zé nogueira,Dribbble,https://dribbble.com/,,Illegal,
zé nogueira,Kaggle,https://www.kaggle.com/,https://www.kaggle.com/z%C3%A9%20nogueira,Available,404
zé nogueira,BodyBuilding,https://bodyspace.bodybuilding.com/,https://bodyspace.bodybuilding.com/z%C3%A9%20nogueira,Available,302
zé nogueira,Eporner,,https://www.eporner.com/profile/z%C3%A9%20nogueira/,Unknown,403
zé nogueira,Lichess,https://lichess.org,https://lichess.org/@/z%C3%A9%20nogueira,Available,404
zé nogueira,Pathofexile,https://ru.pathofexile.com,https://ru.pathofexile.com/account/view-profile/z%C3%A9%20nogueira,Unknown,403
zé nogueira,Gamefaqs,https://gamefaqs.gamespot.com,,Illegal,
zé nogueira,Wowhead,https://www.wowhead.com,https://www.wowhead.com/user=z%C3%A9%20nogueira,Available,404
zé nogueira,opensea.io,https://opensea.io,https://opensea.io/accounts/z%C3%A9%20nogueira,Available,404
zé nogueira,jeuxvideo,http://www.jeuxvideo.com,http://www.jeuxvideo.com/profil/z%C3%A9%20nogueira?mode=infos,Available,200
zé nogueira,community.icons8.com,https://community.icons8.com,https://community.icons8.com/u/z%C3%A9%20nogueira/summary,Available,404
zé nogueira,{username}.tilda.ws,https://tilda.ws,https://z%C3%A9%20nogueira.tilda.ws,Unknown,403
zé nogueira,Weibo,https://weibo.com,https://weibo.com/z%C3%A9%20nogueira,Available,400
zé nogueira,LiveInternet,https://www.liveinternet.ru,https://www.liveinternet.ru/users/z%C3%A9%20nogueira/profile,Available,404
zé nogueira,Bandcamp,https://www.bandcamp.com/,https://www.bandcamp.com/z%C3%A9%20nogueira,Available,404
zé nogueira,Tumblr,https://www.tumblr.com,https://www.tumblr.com/z%C3%A9%20nogueira,Available,200
zé nogueira,Habr,https://habr.com/,https://habr.com/ru/users/z%C3%A9%20nogueira/,Available,404
zé nogueira,ComicvineGamespot,https://comicvine.gamespot.com/,https://comicvine.gamespot.com/profile/z%C3%A9%20nogueira,Available,404
zé nogueira,Pastebin,https://pastebin.com/,https://pastebin.com/u/z%C3%A9%20nogueira,Available,404
zé nogueira,Bit.ly,https://bit.ly,https://bit.ly/z%C3%A9%20nogueira,Available,404
zé nogueira,SoftwareInformer,https://users.software.informer.com,https://users.software.informer.com/z%C3%A9%20nogueira/,Available,301
zé nogueira,www.tagged.com,http://www.tagged.com,http://www.tagged.com/z%C3%A9%20nogueira,Available,200
zé nogueira,CreativeMarket,https://creativemarket.com/,https://creativemarket.com/users/z%C3%A9%20nogueira,Unknown,403
zé nogueira,DiscussPython,https://discuss.python.org/,https://discuss.python.org/u/z%C3%A9%20nogueira/summary,Available,404
zé nogueira,jsfiddle.net,https://jsfiddle.net,https://jsfiddle.net/user/z%C3%A9%20nogueira/,Available,404
zé nogueira,Ccm,https://ccm.net,https://ccm.net/profile/user/z%C3%A9%20nogueira,Available,404
zé nogueira,Thechive,https://thechive.com/,https://thechive.com/author/z%C3%A9%20nogueira,Unknown,403
zé nogueira,Douban,https://www.douban.com,https://www.douban.com/people/z%C3%A9%20nogueira/,Available,404
zé nogueira,MixCloud,https://www.mixcloud.com/,https://www.mixcloud.com/z%C3%A9%20nogueira/,Unknown,403
zé nogueira,AppleDeveloper,https://developer.apple.com/forums,https://developer.apple.com/forums/profile/z%C3%A9%20nogueira,Available,404
zé nogueira,Flightradar24,https://www.flightradar24.com/,,Illegal,
zé nogueira,OK,https://ok.ru/,,Illegal,
zé nogueira,Itch.io,https://itch.io/,https://z%C3%A9%20nogueira.itch.io/,Unknown,403
zé nogueira,123rf,https://ru.123rf.com,https://ru.123rf.com/profile_z%C3%A9%20nogueira,Available,302
zé nogueira,Cracked,https://www.cracked.com/,https://www.cracked.com/members/z%C3%A9%20nogueira/,Unknown,403
zé nogueira,discuss.codecademy.com,https://discuss.codecademy.com,https://discuss.codecademy.com/u/z%C3%A9%20nogueira/summary,Available,404
zé nogueira,BitBucket,https://bitbucket.org/,,Illegal,
zé nogueira,fotostrana.ru,https://fotostrana.ru,https://fotostrana.ru/z%C3%A9%20nogueira/,Unknown,403
zé nogueira,Weforum,https://www.weforum.org,https://www.weforum.org/people/z%C3%A9%20nogueira,Unknown,403
zé nogueira,Discogs,https://www.discogs.com/,https://www.discogs.com/user/z%C3%A9%20nogueira,Available,404
zé nogueira,iRecommend.RU,https://irecommend.ru/,https://irecommend.ru/users/z%C3%A9%20nogueira,Unknown,521
zé nogueira,sports.ru,https://www.sports.ru/,https://www.sports.ru/profile/z%C3%A9%20nogueira/,Available,404
zé nogueira,lyricstranslate.com,https://lyricstranslate.com,https://lyricstranslate.com/sco/translator/z%C3%A9%20nogueira,Available,404
zé nogueira,techspot.com,http://www.techspot.com/community/,http://www.techspot.com/community/members/?username=z%C3%A9%20nogueira,Available,200
zé nogueira,Zoomir.ir,https://www.zoomit.ir,https://www.zoomit.ir/user/z%C3%A9%20nogueira,Available,404
zé nogueira,Wikidot,http://www.wikidot.com/,http://www.wikidot.com/user:info/z%C3%A9%20nogueira,Available,200
zé nogueira,djskt.lnk.to,https://djskt.lnk.to,https://djskt.lnk.to/z%C3%A9%20nogueira,Available,200
zé nogueira,Sbnation,https://www.sbnation.com,https://www.sbnation.com/users/z%C3%A9%20nogueira,Available,404
zé nogueira,ImgInn,https://imginn.com,https://imginn.com/z%C3%A9%20nogueira/,Available,404
zé nogueira,Freelance.habr,https://freelance.habr.com/,https://freelance.habr.com/freelancers/z%C3%A9%20nogueira,Available,404
zé nogueira,forums.bulbagarden.net,http://forums.bulbagarden.net,http://forums.bulbagarden.net/members/?username=z%C3%A9%20nogueira,Available,200
zé nogueira,AllTrails,https://www.alltrails.com/,https://www.alltrails.com/members/z%C3%A9%20nogueira,Unknown,403
zé nogueira,500px,https://500px.com/,https://500px.com/p/z%C3%A9%20nogueira,Unknown,200
zé nogueira,247sports,https://247sports.com,https://247sports.com/user/z%C3%A9%20nogueira/,Available,404
zé nogueira,beacons.ai,https://beacons.ai,https://beacons.ai/z%C3%A9%20nogueira,Unknown,403
zé nogueira,Plurk,https://www.plurk.com/,https://www.plurk.com/z%C3%A9%20nogueira,Available,200
zé nogueira,Infourok,https://infourok.ru,https://infourok.ru/user/z%C3%A9%20nogueira,Available,404
zé nogueira,Baidu,https://tieba.baidu.com,https://tieba.baidu.com/home/main?un=z%C3%A9%20nogueira,Available,200
zé nogueira,Kaskus,https://www.kaskus.co.id,https://www.kaskus.co.id/@z%C3%A9%20nogueira,Available,404
zé nogueira,Facebook,https://www.facebook.com/,,Illegal,
zé nogueira,Codecademy,https://www.codecademy.com/,https://www.codecademy.com/profiles/z%C3%A9%20nogueira,Available,200
zé nogueira,Muckrack,https://muckrack.com,https://muckrack.com/z%C3%A9%20nogueira,Unknown,403
zé nogueira,AppleDiscussions,https://discussions.apple.com/,https://discussions.apple.com/profile/z%C3%A9%20nogueira,Available,404
zé nogueira,fixya,https://www.fixya.com,https://www.fixya.com/users/z%C3%A9%20nogueira,Available,404
zé nogueira,IFTTT,https://www.ifttt.com/,,Illegal,
zé nogueira,Docker Hub,https://hub.docker.com/,https://hub.docker.com/u/z%C3%A9%20nogueira/,Available,404
zé nogueira,BoardGameGeek,https://boardgamegeek.com,https://boardgamegeek.com/user/z%C3%A9%20nogueira,Available,200
zé nogueira,TemplateMonster,https://www.templatemonster.com,https://www.templatemonster.com/authors/z%C3%A9%20nogueira/,Available,404
zé nogueira,Wykop,https://www.wykop.pl,https://www.wykop.pl/ludzie/z%C3%A9%20nogueira/,Available,404
zé nogueira,amp.flipboard.com,https://amp.flipboard.com,https://amp.flipboard.com/@z%C3%A9%20nogueira,Available,404
zé nogueira,PCGamer,https://pcgamer.com,https://forums.pcgamer.com/members/?username=z%C3%A9%20nogueira,Available,200
zé nogueira,FilmWeb,https://www.filmweb.pl/user/adam,https://www.filmweb.pl/user/z%C3%A9%20nogueira,Available,200
zé nogueira,Letterboxd,https://letterboxd.com/,https://letterboxd.com/z%C3%A9%20nogueira,Available,404
zé nogueira,OP.GG [LeagueOfLegends] Singapore,https://www.op.gg/,https://www.op.gg/summoners/search?q=z%C3%A9%20nogueira&region=sg,Available,200
zé nogueira,steemit,https://steemit.com,https://steemit.com/@z%C3%A9%20nogueira,Available,404
zé nogueira,last.fm,https://last.fm/,https://last.fm/user/z%C3%A9%20nogueira,Available,404
zé nogueira,LiveLib,https://www.livelib.ru/,https://www.livelib.ru/reader/z%C3%A9%20nogueira,Available,404
zé nogueira,Gamespot,https://www.gamespot.com/,https://www.gamespot.com/profile/z%C3%A9%20nogueira/,Available,404
zé nogueira,pr0gramm,https://pr0gramm.com/,https://pr0gramm.com/api/profile/info?name=z%C3%A9%20nogueira,Unknown,403
zé nogueira,Freecodecamp,https://www.freecodecamp.org/forum/,https://www.freecodecamp.org/forum/u/z%C3%A9%20nogueira/summary,Available,404
zé nogueira,forum.sketchfab.com,https://forum.sketchfab.com,https://forum.sketchfab.com/u/z%C3%A9%20nogueira/summary,Available,200
zé nogueira,Zomato,https://www.zomato.com/,https://www.zomato.com/pl/z%C3%A9%20nogueira/foodjourney,Available,404
zé nogueira,Twitter,https://www.twitter.com/,,Illegal,
zé nogueira,osu!,https://osu.ppy.sh/,https://osu.ppy.sh/users/z%C3%A9%20nogueira,Available,404
zé nogueira,forums.sketchup.com,https://forums.sketchup.com,https://forums.sketchup.com/u/z%C3%A9%20nogueira/summary,Available,404
zé nogueira,Guru,https://www.guru.com,https://www.guru.com/freelancers/z%C3%A9%20nogueira,Available,404
zé nogueira,opensource,https://opensource.com/,https://opensource.com/users/z%C3%A9%20nogueira,Available,404
zé nogueira,Pluralsight,https://app.pluralsight.com,https://app.pluralsight.com/profile/author/z%C3%A9%20nogueira,Available,404
zé nogueira,Gog,https://www.gog.com/,https://www.gog.com/u/z%C3%A9%20nogueira,Available,404
zé nogueira,DEV Community,https://dev.to/,,Illegal,
zé nogueira,Venmo,https://venmo.com/,https://venmo.com/z%C3%A9%20nogueira,Available,404
zé nogueira,GitLab,https://gitlab.com/,https://gitlab.com/z%C3%A9%20nogueira,Available,200
zé nogueira,angel.co,https://angel.co,https://angel.co/u/z%C3%A9%20nogueira,Unknown,403
zé nogueira,Gumroad,https://www.gumroad.com/,https://www.gumroad.com/z%C3%A9%20nogueira,Available,404
zé nogueira,999.md,https://999.md,https://999.md/ru/profile/z%C3%A9%20nogueira,Available,404
zé nogueira,www.gamesradar.com,https://www.gamesradar.com,https://www.gamesradar.com/uk/author/z%C3%A9%20nogueira/,Available,404
zé nogueira,authorSTREAM,http://www.authorstream.com/,http://www.authorstream.com/author/z%C3%A9%20nogueira/,Claimed,200
zé nogueira,hiveos.farm,https://forum.hiveos.farm,https://forum.hiveos.farm/u/z%C3%A9%20nogueira/summary,Unknown,403
zé nogueira,Gravatar,http://en.gravatar.com/,http://en.gravatar.com/z%C3%A9%20nogueira,Available,200
zé nogueira,TomsHardware,https://forums.tomshardware.com/,https://forums.tomshardware.com/members/?username=z%C3%A9%20nogueira,Available,200
zé nogueira,Gab,https://gab.com/,https://gab.com/z%C3%A9%20nogueira,Available,404
zé nogueira,OpenStreetMap,https://www.openstreetmap.org/,https://www.openstreetmap.org/user/z%C3%A9%20nogueira,Available,404
zé nogueira,Smugmug,https://smugmug.com/,https://z%C3%A9%20nogueira.smugmug.com/,Unknown,403
zé nogueira,Sporcle,https://www.sporcle.com/,https://www.sporcle.com/user/z%C3%A9%20nogueira/people,Available,404
zé nogueira,AdultFriendFinder,https://adultfriendfinder.com,https://adultfriendfinder.com/profile/z%C3%A9%20nogueira,Unknown,403
zé nogueira,AlternativeTo,https://alternativeto.net/,https://alternativeto.net/user/z%C3%A9%20nogueira,Unknown,403
zé nogueira,forums.docker.com,https://forums.docker.com,https://forums.docker.com/u/z%C3%A9%20nogueira/summary,Available,404
zé nogueira,BOOTH,https://booth.pm/,https://z%C3%A9%20nogueira.booth.pm/,Unknown,403
zé nogueira,Stihi.ru,https://www.stihi.ru/,https://www.stihi.ru/avtor/z%C3%A9%20nogueira,Available,200
zé nogueira,ArchiveOfOurOwn,https://archiveofourown.org,,Illegal,
zé nogueira,BuyMeACoffee,https://www.buymeacoffee.com/,https://buymeacoff.ee/z%C3%A9%20nogueira,Available,404
zé nogueira,doctissimo,https://club.doctissimo.fr,https://club.doctissimo.fr/z%C3%A9%20nogueira/,Unknown,403
zé nogueira,My.Mail.ru@gmail.com,https://my.mail.ru/,https://my.mail.ru/gmail.com/z%C3%A9%20nogueira/,Claimed,200
zé nogueira,My.Mail.ru@yandex.ru,https://my.mail.ru/,https://my.mail.ru/yandex.ru/z%C3%A9%20nogueira/,Claimed,200
zé nogueira,TechPowerUp,https://www.techpowerup.com,https://www.techpowerup.com/forums/members/?username=z%C3%A9%20nogueira,Available,200
zé nogueira,HubPages,https://hubpages.com/,https://hubpages.com/@z%C3%A9%20nogueira,Available,404
zé nogueira,codeforces.com,http://codeforces.com,http://codeforces.com/profile/z%C3%A9%20nogueira,Available,200
zé nogueira,hackernoon.com,https://hackernoon.com,https://hackernoon.com/u/z%C3%A9%20nogueira,Available,404
zé nogueira,Yummly,https://www.yummly.com,https://mapi.yummly.com/mapi/v19/user/z%C3%A9%20nogueira,Unknown,0
zé nogueira,note,https://note.com/,https://note.com/z%C3%A9%20nogueira,Available,404
zé nogueira,Jigsawplanet,https://www.jigsawplanet.com,https://www.jigsawplanet.com/z%C3%A9%20nogueira,Available,404
zé nogueira,AskFM,https://ask.fm/,,Illegal,
zé nogueira,Weedmaps,https://weedmaps.com,https://weedmaps.com/brands/z%C3%A9%20nogueira,Unknown,403
zé nogueira,depop.com,https://www.depop.com,https://www.depop.com/z%C3%A9%20nogueira,Unknown,403
zé nogueira,forum.audacityteam.org,https://forum.audacityteam.org,https://forum.audacityteam.org/search.php?author=z%C3%A9%20nogueira,Available,404
zé nogueira,Foursquare,https://foursquare.com/,https://foursquare.com/z%C3%A9%20nogueira,Available,404
zé nogueira,Audiojungle,https://audiojungle.net/,,Illegal,
zé nogueira,VSCO,https://vsco.co/,https://vsco.co/z%C3%A9%20nogueira,Available,404
zé nogueira,Baby.ru,https://www.baby.ru/,https://www.baby.ru/u/z%C3%A9%20nogueira/,Available,404
zé nogueira,Trakt,https://www.trakt.tv/,https://www.trakt.tv/users/z%C3%A9%20nogueira,Unknown,403
zé nogueira,Bibsonomy,https://www.bibsonomy.org,https://www.bibsonomy.org/user/z%C3%A9%20nogueira,Available,404
zé nogueira,AllKPop,https://www.allkpop.com/,https://www.allkpop.com/profile/z%C3%A9%20nogueira,Available,302
zé nogueira,Tinkoff Invest,https://www.tinkoff.ru/invest/,https://tinkoff.ru/invest/social/profile/z%C3%A9%20nogueira/,Available,200
zé nogueira,Codementor,https://www.codementor.io/,https://www.codementor.io/z%C3%A9%20nogueira,Available,404
zé nogueira,Coub,https://coub.com/,https://coub.com/z%C3%A9%20nogueira,Unknown,403
zé nogueira,upwork.com,https://upwork.com,https://upwork.com/fl/z%C3%A9%20nogueira,Available,400
zé nogueira,OP.GG [LeagueOfLegends] Oceania,https://www.op.gg/,https://www.op.gg/summoners/search?q=z%C3%A9%20nogueira&region=oce,Available,200
zé nogueira,WikimapiaSearch,http://wikimapia.org,http://wikimapia.org/user/tools/users_rating/?username=z%C3%A9%20nogueira,Claimed,200
zé nogueira,forum.blackmagicdesign.com,https://forum.blackmagicdesign.com,https://forum.blackmagicdesign.com/search.php?author=z%C3%A9%20nogueira,Available,200
zé nogueira,99designs.com,https://99designs.com,https://99designs.com/profiles/z%C3%A9%20nogueira,Available,404
zé nogueira,www.minds.com,https://www.minds.com,https://www.minds.com/z%C3%A9%20nogueira,Available,404
zé nogueira,Pokemon Showdown,https://pokemonshowdown.com,https://pokemonshowdown.com/users/z%C3%A9%20nogueira,Unknown,403
zé nogueira,DigitalOcean,https://www.digitalocean.com/,https://www.digitalocean.com/community/users/z%C3%A9%20nogueira,Available,404
zé nogueira,Screwfix,https://community.screwfix.com,https://community.screwfix.com/members/?username=z%C3%A9%20nogueira,Available,200
zé nogueira,ifunny.co,https://www.ifunny.co,https://www.ifunny.co/user/z%C3%A9%20nogueira,Unknown,403
zé nogueira,Rate Your Music,https://rateyourmusic.com/,https://rateyourmusic.com/~z%C3%A9%20nogueira,Unknown,403
zé nogueira,Pinkbike,https://www.pinkbike.com/,https://www.pinkbike.com/u/z%C3%A9%20nogueira/,Unknown,403
zé nogueira,Memrise,https://www.memrise.com/,https://www.memrise.com/user/z%C3%A9%20nogueira/,Available,301
zé nogueira,forums.linuxmint.com,https://forums.linuxmint.com,https://forums.linuxmint.com/search.php?author=z%C3%A9%20nogueira,Available,200
zé nogueira,kwork,https://www.kwork.ru/,https://kwork.ru/user/z%C3%A9%20nogueira,Available,404
zé nogueira,Pandia,https://pandia.ru,https://pandia.ru/user/profile/z%C3%A9%20nogueira,Available,404
zé nogueira,forums.drom.ru,https://www.forumsdrom.ru/,https://www.forumsdrom.ru/member.php?username=z%C3%A9%20nogueira,Unknown,503
zé nogueira,FortniteTracker,https://fortnitetracker.com/challenges,https://fortnitetracker.com/profile/all/z%C3%A9%20nogueira,Unknown,403
zé nogueira,Repl.it,https://repl.it/,https://repl.it/@z%C3%A9%20nogueira,Available,404
zé nogueira,Redbubble,https://www.redbubble.com/,https://www.redbubble.com/people/z%C3%A9%20nogueira,Available,404
zé nogueira,Vivino,https://www.vivino.com/,https://www.vivino.com/users/z%C3%A9%20nogueira,Unknown,403
zé nogueira,Kwejk,https://kwejk.pl,https://kwejk.pl/uzytkownik/z%C3%A9%20nogueira#/tablica/,Available,404
zé nogueira,Aptoide,https://en.aptoide.com/,https://z%C3%A9%20nogueira.en.aptoide.com/,Unknown,403
zé nogueira,Warrior Forum,https://www.warriorforum.com/,https://www.warriorforum.com/members/z%C3%A9%20nogueira.html,Available,400
zé nogueira,Justlanded,https://community.justlanded.com,https://community.justlanded.com/en/profile/z%C3%A9%20nogueira,Available,404
zé nogueira,Anime-planet,https://www.anime-planet.com,https://www.anime-planet.com/forum/members/?username=z%C3%A9%20nogueira,Available,200
zé nogueira,Typeracer,https://typeracer.com,https://data.typeracer.com/pit/profile?user=z%C3%A9%20nogueira,Available,200
zé nogueira,Kongregate,https://www.kongregate.com/,,Illegal,
zé nogueira,forums.serebii.net,https://forums.serebii.net,https://forums.serebii.net/members/?username=z%C3%A9%20nogueira,Claimed,403
zé nogueira,MuffinGroup,https://forum.muffingroup.com,https://forum.muffingroup.com/betheme/profile/z%C3%A9%20nogueira,Available,404
zé nogueira,community.getpostman.com,https://community.getpostman.com,https://community.getpostman.com/u/z%C3%A9%20nogueira/summary,Available,404
zé nogueira,Slashdot,https://slashdot.org,https://slashdot.org/~z%C3%A9%20nogueira,Available,404
zé nogueira,F6S,https://f6s.com/,https://www.f6s.com/z%C3%A9%20nogueira,Available,200
zé nogueira,blogs.klerk.ru,https://blogs.klerk.ru,https://blogs.klerk.ru/users/z%C3%A9%20nogueira/,Available,404
zé nogueira,NameMC,https://namemc.com/,https://namemc.com/profile/z%C3%A9%20nogueira,Unknown,403
zé nogueira,Codechef,https://www.codechef.com/,https://www.codechef.com/users/z%C3%A9%20nogueira,Available,302
zé nogueira,hi5,http://www.hi5.com,http://www.hi5.com/z%C3%A9%20nogueira,Available,200
zé nogueira,dailykos,https://www.dailykos.com,https://www.dailykos.com/user/z%C3%A9%20nogueira,Available,404
zé nogueira,eBaumsWorld,https://www.ebaumsworld.com/,https://www.ebaumsworld.com/user/profile/z%C3%A9%20nogueira,Unknown,403
zé nogueira,Picuki,https://www.picuki.com/,https://www.picuki.com/profile/z%C3%A9%20nogueira,Available,404
zé nogueira,forums.majorgeeks.com,https://forums.majorgeeks.com,https://forums.majorgeeks.com/members/?username=z%C3%A9%20nogueira,Available,200
zé nogueira,Discuss.Elastic.co,https://discuss.elastic.co/,https://discuss.elastic.co/u/z%C3%A9%20nogueira/summary,Available,404
zé nogueira,TVTropes,https://tvtropes.org,https://tvtropes.org/pmwiki/pmwiki.php/Tropers/z%C3%A9%20nogueira,Available,404
zé nogueira,www.itemfix.com,https://www.itemfix.com,https://www.itemfix.com/c/z%C3%A9%20nogueira,Available,200
zé nogueira,Pixwox,https://www.pixwox.com,https://www.pixwox.com/profile/z%C3%A9%20nogueira/,Available,404
zé nogueira,B17,https://www.b17.ru/,https://www.b17.ru/z%C3%A9%20nogueira,Available,404
zé nogueira,OP.GG [LeagueOfLegends] Japan,https://www.op.gg/,https://www.op.gg/summoners/search?q=z%C3%A9%20nogueira&region=jp,Available,200
zé nogueira,OP.GG [LeagueOfLegends] North America,https://www.op.gg/,https://www.op.gg/summoners/search?q=z%C3%A9%20nogueira&region=na,Available,200
zé nogueira,AfreecaTV,http://bjapi.afreecatv.com,http://bjapi.afreecatv.com/api/z%C3%A9%20nogueira/station,Claimed,200
zé nogueira,OP.GG [LeagueOfLegends] Europe Nordic & East,https://www.op.gg/,https://www.op.gg/summoners/search?q=z%C3%A9%20nogueira&region=eune,Available,200
zé nogueira,OP.GG [LeagueOfLegends] LAS,https://www.op.gg/,https://www.op.gg/summoners/search?q=z%C3%A9%20nogueira&region=las,Available,200
zé nogueira,HackerOne,https://hackerone.com/,https://hackerone.com/z%C3%A9%20nogueira,Available,404
zé nogueira,PlanetMinecraft,https://www.planetminecraft.com,https://www.planetminecraft.com/member/z%C3%A9%20nogueira,Unknown,403
zé nogueira,About.me,https://about.me/,https://about.me/z%C3%A9%20nogueira,Available,404
zé nogueira,Fark,https://www.fark.com/,https://www.fark.com/users/z%C3%A9%20nogueira/,Available,200
zé nogueira,author.today,https://author.today,https://author.today/u/z%C3%A9%20nogueira,Unknown,403
zé nogueira,Diary.ru,https://diary.ru,https://z%C3%A9%20nogueira.diary.ru/,Unknown,403
zé nogueira,Proza.ru,https://www.proza.ru/,https://www.proza.ru/avtor/z%C3%A9%20nogueira,Available,200
zé nogueira,Packagist,https://packagist.org/,https://packagist.org/packages/z%C3%A9%20nogueira/,Available,404
zé nogueira,SeoClerks,https://www.seoclerks.com,https://www.seoclerks.com/user/z%C3%A9%20nogueira,Available,302
zé nogueira,OP.GG [LeagueOfLegends] Europe West,https://www.op.gg/,https://www.op.gg/summoners/search?q=z%C3%A9%20nogueira&region=euw,Available,200
zé nogueira,kofi,https://ko-fi.com,https://ko-fi.com/z%C3%A9%20nogueira,Available,200
zé nogueira,Freesound,https://freesound.org/,https://freesound.org/people/z%C3%A9%20nogueira/,Available,404
zé nogueira,AdvancedCustomFields,https://support.advancedcustomfields.com/,https://support.advancedcustomfields.com/forums/users/z%C3%A9%20nogueira,Available,404
zé nogueira,SkyscraperCity,https://www.skyscrapercity.com,https://www.skyscrapercity.com/members/?username=z%C3%A9%20nogueira,Available,200
zé nogueira,profile.hatena.ne.jp,https://profile.hatena.ne.jp,https://profile.hatena.ne.jp/z%C3%A9%20nogueira/,Available,404
zé nogueira,Techrepublic,https://www.techrepublic.com,https://www.techrepublic.com/members/profile/z%C3%A9%20nogueira/,Available,404
zé nogueira,joyreactor.cc,http://joyreactor.cc,http://joyreactor.cc/user/z%C3%A9%20nogueira,Available,307
zé nogueira,MirTesen,https://mirtesen.ru,https://mirtesen.ru/people/z%C3%A9%20nogueira/profile,Available,200
zé nogueira,Funnyjunk,https://funnyjunk.com/,https://funnyjunk.com/user/z%C3%A9%20nogueira,Unknown,403
zé nogueira,Contently,https://contently.com/,https://z%C3%A9%20nogueira.contently.com/,Unknown,403
zé nogueira,Xing,https://www.xing.com/,https://www.xing.com/profile/z%C3%A9%20nogueira,Unknown,0
zé nogueira,rapidapi.com,https://rapidapi.com,https://rapidapi.com/blog/author/z%C3%A9%20nogueira/,Available,404
zé nogueira,ThemeForest,https://themeforest.net,https://themeforest.net/user/z%C3%A9%20nogueira,Unknown,0
zé nogueira,Duolingo,https://duolingo.com/,https://www.duolingo.com/profile/z%C3%A9%20nogueira,Available,200
zé nogueira,Empflix,https://www.empflix.com,https://www.empflix.com/profile/z%C3%A9%20nogueira/,Unknown,403
zé nogueira,SublimeForum,https://forum.sublimetext.com/,https://forum.sublimetext.com/u/z%C3%A9%20nogueira/summary,Available,404
zé nogueira,NICommunityForum,https://www.native-instruments.com/forum/,https://www.native-instruments.com/forum/members/?username=z%C3%A9%20nogueira,Available,403
zé nogueira,Truelancer,https://www.truelancer.com,https://www.truelancer.com/freelancer/z%C3%A9%20nogueira,Available,200
zé nogueira,TheSimsResource,https://www.thesimsresource.com/,https://www.thesimsresource.com/members/z%C3%A9%20nogueira/,Available,302
zé nogueira,hashnode,https://hashnode.com,https://hashnode.com/@z%C3%A9%20nogueira,Claimed,429
zé nogueira,OP.GG [LeagueOfLegends] Korea,https://www.op.gg/,https://www.op.gg/summoners/search?q=z%C3%A9%20nogueira&region=kr,Available,200
zé nogueira,Teletype,https://teletype.in,https://teletype.in/@z%C3%A9%20nogueira,Available,404
zé nogueira,discussion.squadhelp.com,https://discussion.squadhelp.com,https://discussion.squadhelp.com/u/z%C3%A9%20nogueira/summary,Unknown,403
zé nogueira,Advego,https://advego.com/,https://advego.com/profile/z%C3%A9%20nogueira/author/,Available,404
zé nogueira,smart-lab.ru,https://smart-lab.ru/,https://smart-lab.ru/profile/z%C3%A9%20nogueira/,Available,404
zé nogueira,ReverbNation,https://www.reverbnation.com/,https://www.reverbnation.com/z%C3%A9%20nogueira,Available,404
zé nogueira,Americanthinker,https://www.americanthinker.com/,https://www.americanthinker.com/author/z%C3%A9%20nogueira/,Available,404
zé nogueira,Cheezburger,https://profile.cheezburger.com,https://profile.cheezburger.com/z%C3%A9%20nogueira,Available,404
zé nogueira,Picsart,https://picsart.com/,https://picsart.com/u/z%C3%A9%20nogueira,Available,404
zé nogueira,4x4.tomsk.ru,http://4x4.tomsk.ru,http://4x4.tomsk.ru/search.php?author=z%C3%A9%20nogueira,Available,200
zé nogueira,Influenster,https://www.influenster.com/,https://www.influenster.com/z%C3%A9%20nogueira,Unknown,403
zé nogueira,Picarto,https://ptvintern.picarto.tv,https://ptvintern.picarto.tv/metadescription/z%C3%A9%20nogueira,Unknown,403
zé nogueira,OP.GG [LeagueOfLegends] Russia,https://www.op.gg/,https://www.op.gg/summoners/search?q=z%C3%A9%20nogueira&region=ru,Available,200
zé nogueira,OP.GG [LeagueOfLegends] Vietnam,https://www.op.gg/,https://www.op.gg/summoners/search?q=z%C3%A9%20nogueira&region=vn,Available,200
zé nogueira,Neoseeker,https://www.neoseeker.com,https://www.neoseeker.com/members/z%C3%A9%20nogueira/,Unknown,403
zé nogueira,NPM,https://www.npmjs.com/,https://www.npmjs.com/~z%C3%A9%20nogueira,Available,404
zé nogueira,PyPi,https://pypi.org/,https://pypi.org/user/z%C3%A9%20nogueira,Unknown,200
zé nogueira,profi.ru,https://profi.ru,https://profi.ru/profile/z%C3%A9%20nogueira/,Available,404
zé nogueira,AllRecipes,https://www.allrecipes.com/,https://www.allrecipes.com/cook/z%C3%A9%20nogueira,Unknown,0
zé nogueira,NPM-Package,https://www.npmjs.com/,https://www.npmjs.com/package/z%C3%A9%20nogueira,Available,404
zé nogueira,OP.GG [LeagueOfLegends] Middle East,https://www.op.gg/,https://www.op.gg/summoners/search?q=z%C3%A9%20nogueira&region=me,Available,200
zé nogueira,Krstarica,https://forum.krstarica.com,https://forum.krstarica.com/members/?username=z%C3%A9%20nogueira,Available,200
zé nogueira,Mix,https://mix.com,https://mix.com/z%C3%A9%20nogueira,Available,404
zé nogueira,Namepros,https://www.namepros.com/,https://www.namepros.com/members/?username=z%C3%A9%20nogueira,Available,200
zé nogueira,Ameba,https://profile.ameba.jp,https://profile.ameba.jp/ameba/z%C3%A9%20nogueira/,Available,404
zé nogueira,interpals,https://www.interpals.net/,https://www.interpals.net/z%C3%A9%20nogueira,Available,200
zé nogueira,ProductHunt,https://www.producthunt.com/,https://www.producthunt.com/@z%C3%A9%20nogueira,Available,404
zé nogueira,Vgtimes,https://vgtimes.ru,https://vgtimes.ru/user/z%C3%A9%20nogueira,Available,404
zé nogueira,accounts.eclipse.org,https://accounts.eclipse.org,https://accounts.eclipse.org/users/z%C3%A9%20nogueira,Available,404
zé nogueira,ModDB,https://www.moddb.com/,https://www.moddb.com/members/z%C3%A9%20nogueira,Available,400
zé nogueira,MoneySavingExpert,https://forums.moneysavingexpert.com,https://forums.moneysavingexpert.com/profile/z%C3%A9%20nogueira,Available,404
zé nogueira,N4g,https://n4g.com/,https://n4g.com/user/home/z%C3%A9%20nogueira,Available,404
zé nogueira,Coderwall,https://coderwall.com/,https://coderwall.com/z%C3%A9%20nogueira,Unknown,0
zé nogueira,forums.steinberg.net,https://forums.steinberg.net,https://forums.steinberg.net/u/z%C3%A9%20nogueira/summary,Available,404
zé nogueira,allmylinks,https://allmylinks.com/,https://allmylinks.com/z%C3%A9%20nogueira,Available,404
zé nogueira,Diigo,https://www.diigo.com/,https://www.diigo.com/interact_api/load_profile_info?name=z%C3%A9%20nogueira,Available,200
zé nogueira,Vgtimes/Games,https://vgtimes.ru,https://vgtimes.ru/games/z%C3%A9%20nogueira/forum/,Available,404
zé nogueira,Instructables,https://www.instructables.com/,https://www.instructables.com/member/z%C3%A9%20nogueira,Available,404
zé nogueira,Mobypicture,http://www.mobypicture.com,http://www.mobypicture.com/user/z%C3%A9%20nogueira,Available,200
zé nogueira,mama.tomsk.ru,https://mama.tomsk.ru/forums,https://mama.tomsk.ru/forums/search.php?author=z%C3%A9%20nogueira,Available,404
zé nogueira,BikeRadar,https://forum.bikeradar.com,https://forum.bikeradar.com/profile/z%C3%A9%20nogueira,Available,404
zé nogueira,Armorgames,https://armorgames.com,https://armorgames.com/user/z%C3%A9%20nogueira,Available,404
zé nogueira,TrueAchievements,https://www.trueachievements.com,https://www.trueachievements.com/gamer/z%C3%A9%20nogueira,Available,404
zé nogueira,hunting.karelia.ru,http://hunting.karelia.ru,http://hunting.karelia.ru/search.php?author=z%C3%A9%20nogueira,Available,200
zé nogueira,Dumpor,https://dumpor.com,https://dumpor.com/v/z%C3%A9%20nogueira,Available,200
zé nogueira,3ddd,https://3ddd.ru,https://3ddd.ru/users/z%C3%A9%20nogueira,Available,404
zé nogueira,Jimdo,https://jimdosite.com/,https://z%C3%A9%20nogueira.jimdosite.com,Unknown,403
zé nogueira,Psychologies.ru,http://www.psychologies.ru,http://www.psychologies.ru/personal/z%C3%A9%20nogueira,Claimed,200
zé nogueira,TheOdysseyOnline,https://www.theodysseyonline.com,https://www.theodysseyonline.com/user/@z%C3%A9%20nogueira,Available,404
zé nogueira,TRASHBOX.RU,https://trashbox.ru/,,Illegal,
zé nogueira,easyen,https://easyen.ru,https://easyen.ru/index/8-0-z%C3%A9%20nogueira,Available,200
zé nogueira,akniga,https://akniga.org/,https://akniga.org/profile/z%C3%A9%20nogueira,Available,404
zé nogueira,bbs.boingboing.net,https://bbs.boingboing.net,https://bbs.boingboing.net/u/z%C3%A9%20nogueira/summary,Unknown,403
zé nogueira,BabyBlog.ru,https://www.babyblog.ru/,https://www.babyblog.ru/user/z%C3%A9%20nogueira,Available,301
zé nogueira,forums.indiegala.com,https://forums.indiegala.com,https://forums.indiegala.com/members/?username=z%C3%A9%20nogueira,Available,200
zé nogueira,Speedrun.com,https://speedrun.com/,https://speedrun.com/users/z%C3%A9%20nogueira,Available,404
zé nogueira,Niftygateway,https://api.niftygateway.com,https://niftygateway.com/profile/z%C3%A9%20nogueira,Available,400
zé nogueira,PushSquare,http://www.pushsquare.com,http://www.pushsquare.com/users/z%C3%A9%20nogueira,Claimed,200
zé nogueira,Forumophilia,https://www.forumophilia.com,https://www.forumophilia.com/profile.php?mode=viewprofile&u=z%C3%A9%20nogueira,Unknown,403
zé nogueira,E621,https://e621.net,https://e621.net/users/z%C3%A9%20nogueira,Unknown,403
zé nogueira,igromania,http://forum.igromania.ru/,http://forum.igromania.ru/member.php?username=z%C3%A9%20nogueira,Claimed,200
zé nogueira,OP.GG [LeagueOfLegends] Thailand,https://www.op.gg/,https://www.op.gg/summoners/search?q=z%C3%A9%20nogueira&region=th,Available,200
zé nogueira,forum.ykt.ru,https://forum.ykt.ru,https://forum.ykt.ru/viewprofile.jsp?forum_id=11&user=z%C3%A9%20nogueira,Available,302
zé nogueira,discourse.jupyter.org,https://discourse.jupyter.org,https://discourse.jupyter.org/u/z%C3%A9%20nogueira/summary,Available,404
zé nogueira,7dach,https://7dach.ru/,https://7dach.ru/profile/z%C3%A9%20nogueira,Available,404
zé nogueira,Edocr,https://www.edocr.com,https://www.edocr.com/user/z%C3%A9%20nogueira/,Available,404
zé nogueira,Speakerdeck,https://speakerdeck.com,https://speakerdeck.com/z%C3%A9%20nogueira,Available,404
zé nogueira,spletnik,https://spletnik.ru/,https://spletnik.ru/user/z%C3%A9%20nogueira,Available,404
zé nogueira,Untappd,https://untappd.com,https://untappd.com/user/z%C3%A9%20nogueira,Unknown,403
zé nogueira,Sbazar.cz,https://www.sbazar.cz/,https://www.sbazar.cz/z%C3%A9%20nogueira,Available,404
zé nogueira,community.sweatco.in,https://community.sweatco.in,https://community.sweatco.in/u/z%C3%A9%20nogueira/summary,Available,200
zé nogueira,Fodors,https://www.fodors.com,https://www.fodors.com/community/profile/z%C3%A9%20nogueira/forum-activity,Available,302
zé nogueira,Etxt,https://www.etxt.ru,https://www.etxt.ru/z%C3%A9%20nogueira.html,Available,404
zé nogueira,Pbase,https://pbase.com/,https://pbase.com/z%C3%A9%20nogueira/profile,Available,200
zé nogueira,23hq,http://www.23hq.com,http://www.23hq.com/z%C3%A9%20nogueira,Available,200
zé nogueira,Mouthshut,https://www.mouthshut.com/,https://www.mouthshut.com/z%C3%A9%20nogueira,Claimed,200
zé nogueira,getmyuni,https://getmyuni.com/,https://www.getmyuni.com/user/z%C3%A9%20nogueira,Available,404
zé nogueira,OP.GG [LeagueOfLegends] Phillippines,https://www.op.gg/,https://www.op.gg/summoners/search?q=z%C3%A9%20nogueira&region=ph,Available,200
zé nogueira,TryHackMe,https://tryhackme.com/,https://tryhackme.com/p/z%C3%A9%20nogueira,Available,200
zé nogueira,Codewars,https://www.codewars.com,https://www.codewars.com/users/z%C3%A9%20nogueira,Available,404
zé nogueira,MyMiniFactory,https://www.myminifactory.com/,https://www.myminifactory.com/users/z%C3%A9%20nogueira,Available,404
zé nogueira,TheStudentRoom,https://www.thestudentroom.co.uk,https://www.thestudentroom.co.uk/member.php?username=z%C3%A9%20nogueira,Available,200
zé nogueira,Kinja,https://kinja.com,https://kinja.com/z%C3%A9%20nogueira,Available,404
zé nogueira,NN.RU,https://www.nn.ru/,https://z%C3%A9%20nogueira.www.nn.ru/,Unknown,403
zé nogueira,EuroFootball,https://www.euro-football.ru,https://www.euro-football.ru/user/z%C3%A9%20nogueira,Available,302
zé nogueira,ForumHouse,https://www.forumhouse.ru/,https://www.forumhouse.ru/members/?username=z%C3%A9%20nogueira,Available,200
zé nogueira,forum.snapcraft.io,https://forum.snapcraft.io,https://forum.snapcraft.io/u/z%C3%A9%20nogueira/summary,Available,404
zé nogueira,Hackster,https://www.hackster.io,https://www.hackster.io/z%C3%A9%20nogueira,Available,404
zé nogueira,Oper,https://www.oper.ru/,https://www.oper.ru/visitors/info.php?t=z%C3%A9%20nogueira,Available,200
zé nogueira,Blu-ray,https://forum.blu-ray.com/,https://forum.blu-ray.com/member.php?username=z%C3%A9%20nogueira,Available,200
zé nogueira,Myinstants,https://www.myinstants.com,https://www.myinstants.com/profile/z%C3%A9%20nogueira/,Available,404
zé nogueira,mel.fm,https://mel.fm,https://mel.fm/blog/z%C3%A9%20nogueira,Available,404
zé nogueira,forums.destructoid.com,https://forums.destructoid.com,https://forums.destructoid.com/members/?username=z%C3%A9%20nogueira,Available,200
zé nogueira,iXBT,https://forum.ixbt.com,https://forum.ixbt.com/users.cgi?id=info:z%C3%A9%20nogueira,Available,404
zé nogueira,ImageShack,https://imageshack.com/,https://imageshack.com/user/z%C3%A9%20nogueira,Available,302
zé nogueira,forum.openoffice.org,https://forum.openoffice.org/en/forum,https://forum.openoffice.org/en/forum/search.php?author=z%C3%A9%20nogueira,Available,200
zé nogueira,forum.scssoft.com,https://forum.scssoft.com,https://forum.scssoft.com/search.php?author=z%C3%A9%20nogueira,Available,200
zé nogueira,Metal-archives,https://www.metal-archives.com,https://www.metal-archives.com/users/z%C3%A9%20nogueira,Available,404
zé nogueira,Giantbomb,https://www.giantbomb.com,https://www.giantbomb.com/profile/z%C3%A9%20nogueira,Available,404
zé nogueira,Iphones.ru,https://www.iphones.ru,https://www.iphones.ru/iNotes/author/z%C3%A9%20nogueira?profile=1,Available,404
zé nogueira,Smule,https://www.smule.com/,https://www.smule.com/z%C3%A9%20nogueira,Available,200
zé nogueira,GameRevolution,https://forums.gamerevolution.com,https://forums.gamerevolution.com/members/?username=z%C3%A9%20nogueira,Available,200
zé nogueira,YandexZenChannel,https://dzen.ru,https://dzen.ru/channel/z%C3%A9%20nogueira,Available,404
zé nogueira,donorbox,https://donorbox.org,https://donorbox.org/z%C3%A9%20nogueira,Available,404
zé nogueira,WordPress,https://wordpress.com,,Illegal,
zé nogueira,Slides,https://slides.com/,https://slides.com/z%C3%A9%20nogueira,Available,404
zé nogueira,ESET,https://forum.esetnod32.ru,https://forum.esetnod32.ru/user/z%C3%A9%20nogueira/,Available,404
zé nogueira,forums.visual-paradigm.com,https://forums.visual-paradigm.com,https://forums.visual-paradigm.com/u/z%C3%A9%20nogueira/summary,Available,404
zé nogueira,Ariva,https://www.ariva.de/,https://www.ariva.de/profil/z%C3%A9%20nogueira,Available,404
zé nogueira,GBAtemp.net,https://gbatemp.net/,https://gbatemp.net/members/?username=z%C3%A9%20nogueira,Available,200
zé nogueira,dlive.tv,https://dlive.tv,https://dlive.tv/z%C3%A9%20nogueira,Available,200
zé nogueira,couchsurfing,https://www.couchsurfing.com/,https://www.couchsurfing.com/people/z%C3%A9%20nogueira,Available,404
zé nogueira,nightbot,https://nightbot.tv/,https://nightbot.tv/t/z%C3%A9%20nogueira/commands,Available,404
zé nogueira,Soup,https://soup.io,https://www.soup.io/author/z%C3%A9%20nogueira,Available,301
zé nogueira,forum.nameberry.com,https://forum.nameberry.com,https://forum.nameberry.com/u/z%C3%A9%20nogueira/summary,Unknown,403
zé nogueira,discuss.hashicorp.com,https://discuss.hashicorp.com,https://discuss.hashicorp.com/u/z%C3%A9%20nogueira/summary,Available,404
zé nogueira,Physicsforums,https://www.physicsforums.com,https://www.physicsforums.com/members/?username=z%C3%A9%20nogueira,Available,200
zé nogueira,OP.GG [LeagueOfLegends] Brazil,https://www.op.gg/,https://www.op.gg/summoners/search?q=z%C3%A9%20nogueira&region=br,Claimed,200
zé nogueira,DigitalPoint,https://www.digitalpoint.com,https://www.digitalpoint.com/members/?username=z%C3%A9%20nogueira,Available,200
zé nogueira,AnimeNewsNetwork,https://www.animenewsnetwork.com,https://www.animenewsnetwork.com/bbs/phpBB2/profile.php?mode=viewprofile&u=z%C3%A9%20nogueira,Available,200
zé nogueira,Hotcopper,https://hotcopper.com.au,https://hotcopper.com.au/search/search?type=post&users=z%C3%A9%20nogueira,Available,200
zé nogueira,forum.ghost.org,https://forum.ghost.org,https://forum.ghost.org/u/z%C3%A9%20nogueira/summary,Available,404
zé nogueira,xenforo.com,https://xenforo.com/community/,https://xenforo.com/community/members/?username=z%C3%A9%20nogueira,Available,200
zé nogueira,Codecanyon,https://codecanyon.net,https://codecanyon.net/user/z%C3%A9%20nogueira,Unknown,0
zé nogueira,Launchpad,https://launchpad.net/,https://launchpad.net/~z%C3%A9%20nogueira,Available,404
zé nogueira,Uchportal,https://www.uchportal.ru,https://www.uchportal.ru/index/8-0-z%C3%A9%20nogueira,Available,200
zé nogueira,forum.inaturalist.org,https://forum.inaturalist.org,https://forum.inaturalist.org/u/z%C3%A9%20nogueira/summary,Available,404
zé nogueira,forum.shotcut.org,https://forum.shotcut.org,https://forum.shotcut.org/u/z%C3%A9%20nogueira/summary,Available,404
zé nogueira,Gitee,https://gitee.com/,https://gitee.com/z%C3%A9%20nogueira,Available,404
zé nogueira,GuruShots,https://gurushots.com/,https://gurushots.com/z%C3%A9%20nogueira/photos,Available,200
zé nogueira,Brusheezy,https://www.brusheezy.com,https://www.brusheezy.com/members/z%C3%A9%20nogueira,Available,200
zé nogueira,designspiration.com,https://designspiration.com,https://designspiration.com/z%C3%A9%20nogueira/,Available,404
zé nogueira,videohive.net,https://videohive.net,https://videohive.net/user/z%C3%A9%20nogueira,Unknown,0
zé nogueira,sparkpeople,https://www.sparkpeople.com,https://www.sparkpeople.com/mypage.asp?id=z%C3%A9%20nogueira,Available,404
zé nogueira,Cent,https://cent.co/,https://beta.cent.co/@z%C3%A9%20nogueira,Available,200
zé nogueira,lnk.bio,https://lnk.bio,https://lnk.bio/z%C3%A9%20nogueira,Available,200
zé nogueira,Fanpop,https://www.fanpop.com/,https://www.fanpop.com/fans/z%C3%A9%20nogueira,Available,302
zé nogueira,Polygon,https://www.polygon.com/,https://www.polygon.com/users/z%C3%A9%20nogueira,Available,404
zé nogueira,SevenForums,https://www.sevenforums.com,https://www.sevenforums.com/member.php?username=z%C3%A9%20nogueira,Unknown,403
zé nogueira,Flipboard,https://flipboard.com/,,Illegal,
zé nogueira,Voices,https://www.voices.com/,https://www.voices.com/actors/z%C3%A9%20nogueira,Claimed,200
zé nogueira,forums.digitalpoint.com,https://forums.digitalpoint.com/,https://forums.digitalpoint.com/members/?username=z%C3%A9%20nogueira,Available,200
zé nogueira,teamtreehouse.com,https://teamtreehouse.com,https://teamtreehouse.com/profiles/z%C3%A9%20nogueira,Available,200
zé nogueira,Hackerearth,https://www.hackerearth.com,https://www.hackerearth.com/@z%C3%A9%20nogueira,Available,404
zé nogueira,Livemaster,https://www.livemaster.ru,https://www.livemaster.ru/z%C3%A9%20nogueira,Claimed,200
zé nogueira,geocaching,https://www.geocaching.com/,https://www.geocaching.com/profile/?u=z%C3%A9%20nogueira,Available,404
zé nogueira,My.Mail.ru@list.ru,https://my.mail.ru/,https://my.mail.ru/list/z%C3%A9%20nogueira/,Claimed,200
zé nogueira,Artsy,https://www.artsy.net,https://www.artsy.net/artist/z%C3%A9%20nogueira,Unknown,0
zé nogueira,MoscowFlamp,https://moscow.flamp.ru/,https://moscow.flamp.ru/z%C3%A9%20nogueira,Available,404
zé nogueira,My.Mail.ru@bk.ru,https://my.mail.ru/,https://my.mail.ru/bk/z%C3%A9%20nogueira/,Claimed,200
zé nogueira,giters.com,https://giters.com,https://giters.com/z%C3%A9%20nogueira,Available,404
zé nogueira,Tanks,https://tanks.mail.ru,https://tanks.mail.ru/forum/member.php?username=z%C3%A9%20nogueira,Unknown,0
zé nogueira,Otzovik,https://otzovik.com/,https://otzovik.com/profile/z%C3%A9%20nogueira,Unknown,0
zé nogueira,DonationsAlerts,https://www.donationalerts.com/,https://www.donationalerts.com/r/z%C3%A9%20nogueira,Unknown,0
zé nogueira,HackerNews,https://news.ycombinator.com/,https://news.ycombinator.com/user?id=z%C3%A9%20nogueira,Unknown,403
zé nogueira,PerfectWorldForum,https://pw.mail.ru/,https://pw.mail.ru/forums/member.php?username=z%C3%A9%20nogueira,Unknown,0
zé nogueira,PerfectWorld,https://pw.mail.ru,https://pw.mail.ru/member.php?username=z%C3%A9%20nogueira,Unknown,0
zé nogueira,Revelation,https://rev.mail.ru,https://rev.mail.ru/forums/member.php?username=z%C3%A9%20nogueira,Unknown,0
zé nogueira,Warface,https://wf.mail.ru,https://wf.mail.ru/forums/member.php?username=z%C3%A9%20nogueira,Unknown,0
zé nogueira,Newgrounds,https://newgrounds.com,https://z%C3%A9%20nogueira.newgrounds.com,Unknown,0
zé nogueira,forum.pkp.sfu.ca,https://forum.pkp.sfu.ca,https://forum.pkp.sfu.ca/u/z%C3%A9%20nogueira/summary,Unknown,0
